{
    "Introdução à Informática": {
        "descricao": "Conceitos básicos de computação e sistemas.",
        "duracao": "20",
        "conteudo": "Este curso aborda os fundamentos da informática, incluindo hardware, software, sistemas operacionais e redes. Você aprenderá sobre os componentes físicos do computador, como processador, memória e dispositivos de entrada e saída. Também discutiremos os sistemas operacionais mais comuns, suas funções e importância. Além disso, entenderemos conceitos básicos de redes, como protocolos e internet, para que você compreenda o funcionamento do mundo digital que nos cerca."
    },
    "Noções de Programação em Python": {
        "descricao": "Aprenda lógica de programação com Python.",
        "duracao": "30",
        "conteudo": "Neste curso, você começará com os conceitos básicos de lógica de programação e sintaxe da linguagem Python. Aprenderá sobre variáveis, tipos de dados, estruturas condicionais e loops. Em seguida, abordaremos funções, manipulação de listas, dicionários e tratamento de erros. O curso inclui exercícios práticos para desenvolver pequenos projetos que consolidam o aprendizado, preparando você para avançar no universo da programação de forma segura e prática."
    },
    "Segurança de Dados e LGPD": {
        "descricao": "Fundamentos de segurança e proteção de dados pessoais.",
        "duracao": "25",
        "conteudo": "Este curso apresenta os conceitos fundamentais da segurança da informação, destacando as principais ameaças cibernéticas e as práticas recomendadas para proteção de dados. Abordaremos a Lei Geral de Proteção de Dados (LGPD), suas implicações legais e os direitos dos titulares de dados. Você aprenderá técnicas para proteger informações sensíveis em ambientes digitais, além de entender a importância da ética e da conformidade no tratamento de dados pessoais."
    }
}